timestamp,decision_duration,weather,temperature,query,age,occupation,travel_preference,has_car,has_bike,max_walking_distance,decision_steps,thought_process,final_decision,tool_calls
2025-05-16 12:14:37.253339,61.526409,晴朗,25,"
                   回答下列问卷：
                    公交线网调整对居民出行行为影响的调查问卷
                    一、背景信息
                    1. 您的性别：
                    ☐ 男   ☐ 女
                    2. 您的年龄：
                    ☐ 18岁以下 ☐ 18–25岁 ☐ 26–35岁 ☐ 36–45岁 ☐ 46岁以上
                    3. 您目前的职业：
                    ☐ 学生 ☐ 上班族（企业/政府/事业单位等） ☐ 自由职业者 ☐ 退休 ☐ 其他：______
                    4. 您的居住地址：________
                    5. 您平时最常使用的出行方式（可多选）：
                    ☐ 步行 ☐ 自行车 / 共享单车 ☐ 电动自行车 / 摩托车
                    ☐ 公共交通（公交车/地铁等） ☐ 网约车 / 出租车 ☐ 私家车 ☐ 其他：______
                    二、情景信息
                    1. 您是否了解近期的公交线路调整（用具体线路替换）：
                    ☐ 非常了解 ☐ 略有了解 ☐ 听说过，但不了解 ☐ 完全不了解
                    2. 您是否计划使用被调整的公交线路：
                    ☐ 计划经常使用 ☐ 计划偶尔使用 ☐ 计划不使用
                    3. 公交调整对您的出行路线是否产生影响：
                    ☐ 很大影响 ☐ 有一定影响 ☐ 基本无影响 ☐ 不清楚
                    三、出行行为信息
                    请结合以下假设行为作答：“在公交线路调整后，使用新线路或优化后的公交系统出行”。
                    请选择下列每一项在1至5之间的评分，其中：
                    1=完全不同意，2=不同意，3=一般，4=同意，5=非常同意。
                    A. 行为态度（Attitude）
                    1.我认为公交线网调整让出行体验变得更好。
                    2.调整后的公交线路更加合理，有助于提高出行效率。
                    3.使用新的公交线路是明智且高效的选择。
                    4.相比以前，现在乘坐公交让我感觉更舒适/便捷。
                    B. 主观规范（Subjective Norm）
                    5.我的家人或朋友建议我使用新的公交路线。
                    6.我的同事或周围人认为公交线网优化是积极的改变。
                    7.如果我使用新公交路线，身边人会认为我是明智/积极的。
                    8.我感觉大家都在逐渐适应和使用新线路。
                    C. 感知行为控制（Perceived Behavioral Control）
                    9.我了解新线路的走向与运行方式。
                    10.我能轻松找到新线路的信息（站点/时间/换乘等）。
                    11.我有能力根据公交调整重新规划出行。
                    12.即使原有线路发生改变，我也能顺利适应新路线。
                    D. 行为意图（Behavioral Intention）
                    13.我打算今后更多使用新的公交路线出行。
                    14.如果出行时间合适，我愿意选择新的公交替代原出行方式。
                    15.我已经调整了自己的通勤方式以适应公交线网变化。
                    四、实际行为变化
                    1. 公交调整后，您目前的通勤方式是否发生变化：
                    ☐ 没有变化 ☐ 增加了公交出行频率 ☐ 减少了公交出行频率
                    ☐ 改为骑行/步行 ☐ 改为私家车/网约车 ☐ 其他：______
                    2. 调整后您日常通勤所需时间变化为：
                    ☐ 明显缩短 ☐ 略微缩短 ☐ 无明显变化 ☐ 略微延长 ☐ 明显延长
                    五、开放式问题
                    1. 您如何评价此次公交线网调整？
                    2. 有哪些方面令您感到不便？
                    3. 您觉得怎样的优化措施可以进一步提升公交吸引力？
                   ",28,青年教师，需要在同济大学两校区往返上课,speed,False,False,1.0,0,"在回答这份问卷时，我需要结合自己的实际情况和对公交线网调整的理解。以下是我的思考过程：

1. **背景信息**：
   - 性别：男
   - 年龄：28岁，属于26-35岁区间
   - 职业：青年教师
   - 居住地址：同济大学嘉定校区街道，在上海市嘉定区行政区
   - 最常使用的出行方式：由于职业特点，我经常需要往返于同济大学的两个校区之间，因此最常使用的出行方式是私家车和公共交通（公交车/地铁等）

2. **情景信息**：
   - 对近期公交线路调整的了解程度：根据问题描述，上海市新增了一条从绿苑路站到同济大学四平路校区的直达公交线路，我认为自己对此“略有了解”
   - 是否计划使用被调整的公交线路：由于这条新线路可以直接到达我的工作地点，我“计划偶尔使用”它作为备选方案
   - 公交调整对出行路线的影响：考虑到新线路可能提供更快捷的通勤选择，我认为其对我产生了“有一定影响”

3. **出行行为信息**：
   - 行为态度（Attitude）：我对公交线网调整持积极态度，认为其有助于提高出行效率和舒适度，因此对相关陈述给予较高评分
   - 主观规范（Subjective Norm）：我的家人、朋友和同事可能会支持我尝试新的公交线路，因此对相关陈述也给予较高评分
   - 感知行为控制（Perceived Behavioral Control）：我相信自己能够轻松获取新线路的信息并据此重新规划出行，因此对相关陈述给予较高评分
   - 行为意图（Behavioral Intention）：基于以上因素，我打算今后更多地使用新的公交路线，并愿意在时间合适的情况下选择它替代原有出行方式

4. **实际行为变化**：
   - 目前的通勤方式是否发生变化：由于新线路刚刚开通，我的通勤方式尚未发生明显变化
   - 日常通勤所需时间变化：同样因为新线路刚开通，目前尚无明显变化

5. **开放式问题**：
   - 对此次公交线网调整的评价：我认为这是一次积极的改变，新增的直达线路将显著缩短通勤时间
   - 不便之处：可能存在初期磨合期，部分乘客对新线路不熟悉
   - 优化措施建议：加强宣传力度，提供更多关于新线路的信息，确保乘客能够快速适应

接下来，我将基于上述思考过程填写问卷。","一、背景信息
1. 您的性别：  
   ☐ 男  
2. 您的年龄：  
   ☐ 26–35岁  
3. 您目前的职业：  
   ☐ 上班族（企业/政府/事业单位等）  
4. 您的居住地址：  
   同济大学嘉定校区街道，在上海市嘉定区行政区  
5. 您平时最常使用的出行方式（可多选）：  
   ☐ 公共交通（公交车/地铁等） ☐ 私家车  

二、情景信息  
1. 您是否了解近期的公交线路调整（用具体线路替换）：  
   ☐ 略有了解  
2. 您是否计划使用被调整的公交线路：  
   ☐ 计划偶尔使用  
3. 公交调整对您的出行路线是否产生影响：  
   ☐ 有一定影响  

三、出行行为信息  
A. 行为态度（Attitude）：  
1. 我认为公交线网调整让出行体验变得更好。  
   ☐ 5=非常同意  
2. 调整后的公交线路更加合理，有助于提高出行效率。  
   ☐ 5=非常同意  
3. 使用新的公交线路是明智且高效的选择。  
   ☐ 5=非常同意  
4. 相比以前，现在乘坐公交让我感觉更舒适/便捷。  
   ☐ 5=非常同意  

B. 主观规范（Subjective Norm）：  
5. 我的家人或朋友建议我使用新的公交路线。  
   ☐ 4=同意  
6. 我的同事或周围人认为公交线网优化是积极的改变。  
   ☐ 5=非常同意  
7. 如果我使用新公交路线，身边人会认为我是明智/积极的。  
   ☐ 4=同意  
8. 我感觉大家都在逐渐适应和使用新线路。  
   ☐ 4=同意  

C. 感知行为控制（Perceived Behavioral Control）：  
9. 我了解新线路的走向与运行方式。  
   ☐ 4=同意  
10. 我能轻松找到新线路的信息（站点/时间/换乘等）。  
    ☐ 5=非常同意  
11. 我有能力根据公交调整重新规划出行。  
    ☐ 5=非常同意  
12. 即使原有线路发生改变，我也能顺利适应新路线。  
    ☐ 5=非常同意  

D. 行为意图（Behavioral Intention）：  
13. 我打算今后更多使用新的公交路线出行。  
    ☐ 5=非常同意  
14. 如果出行时间合适，我愿意选择新的公交替代原出行方式。  
    ☐ 5=非常同意  
15. 我已经调整了自己的通勤方式以适应公交线网变化。  
    ☐ 3=一般  

四、实际行为变化  
1. 公交调整后，您目前的通勤方式是否发生变化：  
   ☐ 没有变化  
2. 调整后您日常通勤所需时间变化为：  
   ☐ 无明显变化  

五、开放式问题  
1. 您如何评价此次公交线网调整？  
   我认为这是一次积极的改变，新增的直达线路将显著缩短通勤时间，提高出行效率。  
2. 有哪些方面令您感到不便？  
   可能存在初期磨合期，部分乘客对新线路不熟悉，导致短时间内可能出现延误等问题。  
3. 您觉得怎样的优化措施可以进一步提升公交吸引力？  
   加强宣传力度，提供更多关于新线路的信息，确保乘客能够快速适应；同时优化班次安排，确保高峰时段运力充足。",[]
